Id,componentnumber,weighted indegree,weighted outdegree,Weighted Degree,modularity_class
P2260,5,0.408591,0.396824,0.805415,3
P2265,5,0.412319,0,0.412319,4
P2264,5,0.472662,0,0.472662,5
P1088,5,0.649551,0.607257,1.256808,0
P566,5,0.659693,0,0.659693,5
P2630,5,0.640013,0.941953,1.581966,3
P591,5,0.259346,0,0.259346,6
P3248,5,0.352433,0,0.352433,4
P3242,5,0.377374,0.94211,1.319484,0
P2315,5,0.32289,0.327511,0.650402,4
P3247,5,0.279124,0.26848,0.547604,4
P2310,5,0.297016,0,0.297016,6
P1668,5,0.625006,0,0.625006,1
P1669,5,0.381274,0.745815,1.127089,2
P1665,5,0.398267,0.29156,0.689827,0
P1662,5,0.254198,0.381273,0.635471,1
P3808,5,0.279802,0,0.279802,2
P3805,5,0.327345,0,0.327345,0
P3807,5,0.316773,0,0.316773,3
P3803,5,0.320785,0,0.320785,6
P1408,5,0.364114,0.419077,0.783192,0
P2689,5,0.361787,1.087317,1.449103,5
P2688,5,0.307725,0,0.307725,5
P517,5,0.390054,0,0.390054,5
P2687,5,0.273542,0,0.273542,4
P1401,5,0.307759,3.507499,3.815258,1
P2683,5,0.303745,0,0.303745,3
P2443,5,0.350545,0.715176,1.065721,1
P2442,5,0.291757,0.289315,0.581072,1
P2447,5,0.318271,0,0.318271,1
P2446,5,0.334025,0,0.334025,6
P1793,5,0.395752,0,0.395752,1
P1790,5,0.453935,0.394569,0.848504,0
P1797,5,0.327177,0,0.327177,6
P1888,5,0,0.683608,0.683608,3
P1858,5,0.442833,0.63399,1.076823,0
P1886,5,0.388937,0,0.388937,6
P1887,5,0.378299,0.276842,0.655141,6
P1884,5,0.290045,0.293101,0.583147,5
P1880,5,0.666797,1.570131,2.236928,6
P1881,5,0.377205,0,0.377205,3
P1068,5,0.282585,0.98799,1.270576,3
P1069,5,0.676152,0.348887,1.025039,2
P2044,5,0.315645,0.322454,0.638099,5
P2042,5,0.258896,0,0.258896,6
P974,5,0.72026,0,0.72026,3
P1060,5,0.335864,0,0.335864,6
P1062,5,0.362957,0.346481,0.709438,6
P1064,5,0.415253,0,0.415253,0
P1067,5,0.388891,1.76185,2.150741,0
P1536,5,0.299896,0,0.299896,4
P1537,5,0.258027,1.189907,1.447934,3
P1534,5,0.290303,0,0.290303,0
P1535,5,0,0.782027,0.782027,6
P1532,5,0.391815,0,0.391815,3
P1249,5,0.255913,0.291805,0.547718,1
P1539,5,0.352167,0.34172,0.693887,5
P1086,5,0.346131,0,0.346131,5
P1851,5,0.484973,0.376988,0.861961,5
P1082,5,0.551253,0,0.551253,1
P1083,5,0.430698,0,0.430698,1
P1080,5,0.277964,0.334835,0.612799,3
P460,5,0.285736,0.967061,1.252798,0
P464,5,0.380667,0.551435,0.932101,5
P1852,5,0.555401,0.300529,0.85593,6
P2150,5,0.293381,0,0.293381,5
P1857,5,0.257903,0,0.257903,3
P868,5,0.424019,0.349827,0.773847,5
P869,5,0.300235,0,0.300235,6
P866,5,0.357527,0,0.357527,2
P861,5,0.40952,0.89707,1.306591,4
P647,5,0.274882,0,0.274882,5
P644,5,0.277215,0,0.277215,3
P645,5,0.281209,0,0.281209,1
P642,5,0.716159,0,0.716159,3
P640,5,0.559923,0.264445,0.824367,1
P648,5,0.269321,0.698604,0.967925,3
P649,5,0.560637,0,0.560637,2
P885,5,0.282788,0,0.282788,0
P886,5,0.3092,0,0.3092,1
P881,5,0.764959,0.347329,1.112288,6
P1334,5,1.029076,0,1.029076,6
P1335,5,0.311248,0.653619,0.964867,1
P1337,5,0.291937,0.258027,0.549964,3
P1330,5,0.628704,0.609389,1.238093,6
P1332,5,0.278715,0,0.278715,6
P1333,5,1.00519,0.644523,1.649713,1
P2316,5,0.35321,0.303883,0.657093,5
P246,5,0.280607,0.380814,0.661421,5
P247,5,0.431641,2.031099,2.46274,3
P244,5,0.359884,0,0.359884,0
P2313,5,0.320136,0,0.320136,6
P708,5,0.281143,0,0.281143,4
P1219,5,0.654539,0.708678,1.363218,1
P1357,5,0.26458,0,0.26458,6
P312,5,0.282585,0,0.282585,3
P1437,5,0.327136,0,0.327136,1
P3498,5,0.274699,0,0.274699,0
P3495,5,0.370338,0,0.370338,0
P3494,5,0.340998,0.354535,0.695533,1
P3307,5,0.320183,0.408148,0.728331,3
P3656,5,0.252502,0,0.252502,6
P3303,5,0.330184,0.838738,1.168922,1
P2870,5,0,0.665526,0.665526,5
P2877,5,0.316362,0.312713,0.629075,0
P1524,5,0.265851,0.657897,0.923748,6
P2878,5,0.266676,0.941783,1.208459,5
P1158,5,0.776983,0,0.776983,4
P3012,5,0.34161,0,0.34161,6
P3011,5,0.271628,0,0.271628,0
P3010,5,0.265291,0,0.265291,1
P3277,5,0.347447,0,0.347447,1
P3273,5,0.367089,0,0.367089,3
P3278,5,0,0.307363,0.307363,4
P2792,5,0.354761,0,0.354761,1
P3476,5,0.351286,0,0.351286,1
P3471,5,0.344867,0.265327,0.610194,0
P3470,5,0.265816,0,0.265816,4
P3472,5,0.296309,0.879416,1.175725,5
P2301,5,0.300947,0.579132,0.880079,6
P2302,5,0.364372,0.371423,0.735795,0
P2303,5,0.371688,0,0.371688,1
P2307,5,0.745085,0,0.745085,4
P1659,5,0.304291,0,0.304291,2
P1658,5,0.326634,0,0.326634,1
P1652,5,0.348355,0,0.348355,4
P1651,5,0.559647,0.285872,0.845519,2
P1655,5,0.31067,0,0.31067,2
P1654,5,0.279804,0.762784,1.042588,3
P1949,5,0.335085,0,0.335085,5
P2272,5,0.371386,0.351179,0.722565,2
P2950,5,0.358221,0.884408,1.242629,4
P2278,5,0.313415,0.338201,0.651616,2
P2699,5,0.342586,0.566608,0.909193,6
P501,5,0.274198,0,0.274198,5
P2697,5,0.577753,0,0.577753,6
P502,5,0.625946,0,0.625946,0
P505,5,0.618959,0.951669,1.570628,3
P507,5,0.482585,0.777557,1.260142,2
P506,5,0.285268,1.07758,1.362848,6
P2457,5,0.259715,0.42037,0.680085,0
P637,5,0.263948,0.981713,1.24566,4
P1940,5,0.302776,0.305891,0.608667,6
P143,5,0.68498,0,0.68498,5
P2052,5,0.346889,0.367375,0.714264,5
P2055,5,0.631169,0,0.631169,3
P2058,5,0.317117,0.632638,0.949755,5
P633,5,0.8083,0.279901,1.088201,6
P3055,5,0.295525,0.635743,0.931268,3
P1503,5,0.605602,1.333568,1.93917,1
P1501,5,0.426122,1.197547,1.623668,5
P1500,5,0,0.305808,0.305808,4
P1505,5,0.364065,0.430652,0.794717,0
P3721,5,0.326073,0.473215,0.799288,4
P478,5,0.399619,2.757774,3.157393,6
P3723,5,0.305279,0,0.305279,5
P1434,5,0.312263,0,0.312263,0
P1433,5,0.622774,0,0.622774,6
P1432,5,0.327357,1.733909,2.061267,1
P872,5,0.255629,0.254613,0.510241,0
P514,5,0.300757,3.52652,3.827276,2
P1439,5,0.34691,0,0.34691,1
P1438,5,0.437803,0.335883,0.773686,2
P651,5,0.428991,0.676555,1.105545,6
P650,5,0.37061,0.823484,1.194094,3
P655,5,0.41576,0.667579,1.083339,5
P654,5,0.252358,0,0.252358,2
P656,5,0.261016,0,0.261016,4
P658,5,0.34801,0.25013,0.59814,4
P1993,5,0.290355,0,0.290355,0
P1454,5,0.347526,0,0.347526,5
P1010,5,0.321943,0.585097,0.90704,6
P1349,5,0.346481,0.284507,0.630988,6
P893,5,0.381323,0,0.381323,2
P1341,5,0.435518,0,0.435518,4
P1340,5,0.355429,0.266676,0.622105,5
P1343,5,0.295211,0,0.295211,0
P1738,5,0,0.362957,0.362957,6
P1798,5,0.476249,0.262003,0.738252,5
P2783,5,0.369592,0,0.369592,6
P2763,5,0.372393,0,0.372393,2
P2449,5,0,1.347624,1.347624,6
P258,5,0.362375,1.025559,1.387934,5
P255,5,0.39625,0.791026,1.187277,0
P256,5,0,1.331136,1.331136,6
P251,5,0.379147,0,0.379147,6
P250,5,0.475968,0.261691,0.737659,4
P253,5,0.408917,0.338783,0.747701,2
P426,5,0.487776,0,0.487776,3
P2695,5,0.310002,0,0.310002,5
P1889,5,0.325868,0,0.325868,0
P3482,5,0.383493,0,0.383493,5
P2047,5,0,0.716276,0.716276,6
P3310,5,0.685572,0.297923,0.983495,1
P3312,5,0.272763,0,0.272763,4
P3313,5,0.613985,0,0.613985,4
P3643,5,0.55534,0,0.55534,5
P3317,5,0.347516,0,0.347516,6
P2040,5,0.710175,0,0.710175,3
P3533,5,0.325775,0,0.325775,1
P2849,5,0.317983,0,0.317983,0
P2848,5,0.465328,0,0.465328,3
P2846,5,0.326816,0,0.326816,6
P2840,5,0.312062,0.252432,0.564494,5
P3004,5,0.282973,0.270339,0.553312,0
P3000,5,0.346678,0,0.346678,0
P3003,5,0.626309,0,0.626309,4
P3008,5,0.360415,0,0.360415,1
P3009,5,0.301743,0.444682,0.746425,1
P3539,5,0.422275,0,0.422275,1
P1299,5,0.273868,0,0.273868,6
P2322,5,0.388756,0.34413,0.732886,4
P1243,5,0.41703,0.358899,0.775929,1
P3268,5,0.325994,0,0.325994,2
P3269,5,0.593832,0,0.593832,6
P1247,5,0.485604,0,0.485604,6
P2999,5,0.289315,0,0.289315,1
P3462,5,0.305414,0,0.305414,5
P3460,5,0.331943,0,0.331943,0
P3461,5,0.375275,0,0.375275,1
P2992,5,0.27599,0,0.27599,1
P2995,5,0.314596,0,0.314596,3
P2997,5,0.323769,0,0.323769,6
P750,5,0.299809,0,0.299809,5
P2516,5,0.378359,0,0.378359,6
P2512,5,0.319116,0.266046,0.585162,1
P3121,5,0,0.419253,0.419253,1
P2193,5,0.277366,0.296547,0.573913,2
P2192,5,0.268895,0.755412,1.024307,6
P2197,5,0.270644,1.81944,2.090084,0
P2199,5,0.364563,0,0.364563,1
P3435,5,0,0.657427,0.657427,2
P1084,5,0.57434,0.265358,0.839698,1
P2201,5,0.607118,0,0.607118,0
P2203,5,0.401422,0,0.401422,2
P2205,5,0.540875,0,0.540875,0
P2204,5,0.335155,0,0.335155,0
P2207,5,0.280921,0,0.280921,6
P585,5,0.295605,0,0.295605,2
P2613,5,0.303547,0,0.303547,6
P587,5,0.260395,0.310639,0.571034,6
P586,5,0.333567,0.397473,0.73104,5
P2429,5,0.26986,0,0.26986,0
P2428,5,0.357235,0.312445,0.66968,5
P588,5,0.269252,0,0.269252,5
P2421,5,0.267583,0,0.267583,1
P2425,5,0.374058,0,0.374058,1
P1122,5,0.68984,0,0.68984,1
P1640,5,0.351867,0.332351,0.684219,0
P1642,5,0.370308,0.402166,0.772475,5
P1649,5,0.28067,0.556179,0.836849,1
P400,5,0.436259,0.919549,1.355808,2
P402,5,0.316305,0.475968,0.792273,4
P404,5,0.289247,0.261452,0.550699,0
P405,5,0.379253,0,0.379253,6
P406,5,0.309652,0,0.309652,1
P409,5,0.315487,0,0.315487,2
P1517,5,0.276362,1.202481,1.478843,6
P1510,5,0.663718,0,0.663718,6
P1511,5,0.457304,0.26222,0.719523,5
P1512,5,0.346669,0,0.346669,5
P2732,5,0.289694,0,0.289694,6
P2739,5,0.369431,0.669852,1.039283,3
P1424,5,0.364429,0.605996,0.970424,6
P1426,5,0.640816,0,0.640816,6
P1427,5,0.408663,0.555734,0.964397,1
P1358,5,0.325226,0.420942,0.746169,1
P319,5,0.283694,0,0.283694,1
P1352,5,0.299928,0.266258,0.566186,3
P316,5,0.33266,0,0.33266,4
P317,5,0.313541,0,0.313541,0
P905,5,0.438263,0,0.438263,6
P1832,5,0.333217,0,0.333217,0
P907,5,0,0.665681,0.665681,6
P900,5,0.446398,0,0.446398,5
P228,5,0.328633,0,0.328633,3
P220,5,0.666758,0,0.666758,2
P223,5,0.28429,1.563,1.847289,3
P227,5,0.334005,0,0.334005,0
P2541,5,0.597446,0,0.597446,6
P860,5,0.287954,0.251938,0.539891,0
P718,5,0.301961,2.651188,2.953149,6
P135,5,0.570493,0,0.570493,6
P133,5,0.377659,2.379764,2.757424,3
P139,5,0.27352,0.327018,0.600538,0
P3540,5,0.631889,0.447389,1.079277,6
P2686,5,0.337594,0,0.337594,3
P2338,5,0.347366,0,0.347366,3
P3673,5,0.25268,0.377464,0.630144,2
P3670,5,0.428442,0.38259,0.811032,5
P3674,5,0.355053,0,0.355053,0
P2236,5,0.308128,0,0.308128,5
P2237,5,0.293364,0,0.293364,3
P1769,5,0.430205,0,0.430205,3
P896,5,0.373659,0,0.373659,2
P2858,5,0.583007,0.401311,0.984318,3
P3583,5,0.297425,0,0.297425,5
P3584,5,0.319679,0.322373,0.642052,1
P3587,5,0.304481,0,0.304481,4
P2855,5,0.261569,0,0.261569,5
P3071,5,0.360936,0,0.360936,6
P3073,5,0,0.593699,0.593699,2
P3072,5,0,0.958745,0.958745,6
P3075,5,0.695504,0,0.695504,1
P3077,5,0.69857,0.362997,1.061568,6
P3076,5,0.331076,0.395618,0.726694,5
P3079,5,0.279085,0.266714,0.545799,6
P888,5,0.406622,0.375756,0.782378,6
P1331,5,0.264599,0,0.264599,6
P2793,5,0.316132,0.290222,0.606355,4
P3794,5,0.310958,0,0.310958,5
P2067,5,0.286021,0.322057,0.608078,5
P3294,5,0.348722,0,0.348722,0
P3296,5,0.362253,0,0.362253,3
P3293,5,0.320873,0.284694,0.605567,5
P3292,5,0.285448,0.695992,0.981441,5
P3452,5,0.341352,0,0.341352,6
P2989,5,0.280206,0.360936,0.641142,6
P3108,5,0.332815,0,0.332815,6
P3454,5,0.298562,0,0.298562,1
P3105,5,0.316159,0,0.316159,6
P2983,5,0.360913,0,0.360913,2
P3103,5,0.34585,0,0.34585,6
P3102,5,0.281896,0,0.281896,1
P2504,5,0.318924,0,0.318924,6
P2502,5,0.275116,0,0.275116,2
P2503,5,0.294095,0,0.294095,5
P2180,5,0.274717,1.090047,1.364765,5
P2186,5,0.294057,0,0.294057,5
P2187,5,0.585846,0.263317,0.849163,4
P2184,5,0.27422,0,0.27422,4
P2213,5,0.391528,0,0.391528,6
P2210,5,0.347399,0,0.347399,1
P2211,5,0.451313,0.281869,0.733182,6
P2217,5,0.278669,0.451336,0.730005,6
P2214,5,0.250252,0,0.250252,4
P1749,5,0.29217,0.354151,0.64632,2
P1746,5,0.384978,1.00868,1.393659,3
P1740,5,0,0.645657,0.645657,2
P1742,5,0.610062,0.417892,1.027954,3
P2439,5,0.332534,0.305274,0.637808,0
P2430,5,0.278188,0.73067,1.008857,3
P2431,5,0.389517,1.885606,2.275123,1
P3581,5,0.352906,0,0.352906,1
P1632,5,0.355783,0.906093,1.261876,4
P1636,5,0.327626,0.774623,1.102248,5
P1639,5,0.298492,0.289654,0.588146,5
P1989,5,0.463326,0.751543,1.214869,4
P1988,5,0.289945,0.34161,0.631554,6
P412,5,0.474203,1.680858,2.155061,0
P417,5,0.390716,0,0.390716,0
P416,5,0.270936,0.402133,0.673069,0
P1561,5,0.30369,0.267583,0.571272,1
P1292,5,0.34222,0,0.34222,0
P1564,5,0.286105,0.350447,0.636552,2
P1566,5,0.275003,0.91402,1.189023,5
P2726,5,0.301251,0.695422,0.996673,2
P2725,5,0.392511,0.371204,0.763715,3
P2722,5,0.406343,0,0.406343,5
P1189,5,0.322867,0.945611,1.268478,0
P1187,5,0.38847,0.294444,0.682914,3
P1186,5,0.458606,2.277859,2.736465,4
P1182,5,0.438036,0.344277,0.782313,5
P1181,5,0.296387,0.397325,0.693712,3
P1365,5,0.378408,0,0.378408,1
P1362,5,0.616748,0,0.616748,0
P1361,5,0.38234,0,0.38234,2
P1369,5,0.380603,0,0.380603,6
P1368,5,0.255354,0,0.255354,1
P1164,5,0.714184,0,0.714184,2
P305,5,0.345644,0.415253,0.760897,0
P301,5,0.323335,0.432971,0.756307,2
P1960,5,0.718226,0,0.718226,5
P781,5,0.332702,0.353177,0.685878,6
P780,5,0.292128,0,0.292128,6
P786,5,0,0.368312,0.368312,3
P785,5,0.385844,0,0.385844,2
P784,5,0.301432,0,0.301432,5
P2666,5,0.285749,0.288783,0.574533,5
P1152,5,0.740668,0.482585,1.223253,2
P2663,5,0.28837,0,0.28837,1
P237,5,0.261448,0.970431,1.231879,5
P236,5,0.299964,0,0.299964,2
P538,5,0.598,1.99571,2.59371,5
P925,5,0.410141,0,0.410141,0
P432,5,0.422086,0,0.422086,1
P434,5,0.310863,1.095274,1.406137,6
P1035,5,0.376401,0,0.376401,6
P241,5,0.33377,0.300654,0.634424,4
P921,5,0.327858,0,0.327858,1
P126,5,0.424076,0.705921,1.129997,3
P123,5,0.316853,0.336134,0.652987,4
P121,5,0.458101,0,0.458101,5
P129,5,0.280304,0,0.280304,4
P1034,5,0.355214,0,0.355214,5
P3664,5,0.280354,0,0.280354,6
P3668,5,0.388267,0,0.388267,5
P1153,5,0.446659,0,0.446659,4
P13,5,0.4385,0,0.4385,4
P15,5,0.252826,0.299896,0.552722,4
P16,5,0.378492,0.263104,0.641596,6
P3592,5,0.28313,0.31067,0.5938,2
P1763,5,0.265216,0,0.265216,4
P3594,5,0.278428,0,0.278428,2
P3596,5,0.329744,0,0.329744,6
P3066,5,0.299964,0,0.299964,6
P3064,5,0,2.247858,2.247858,1
P3437,5,0.573557,0,0.573557,5
P3288,5,0.257813,0.266265,0.524078,4
P3289,5,0.313415,0.775842,1.089257,1
P3285,5,0.310048,0.281458,0.591506,2
P3281,5,0,0.983011,0.983011,6
P3118,5,0.284512,0.304586,0.589098,0
P3115,5,0.425311,0,0.425311,6
P3111,5,0.296622,0.292124,0.588746,5
P2539,5,0.400624,0,0.400624,3
P2531,5,0.295662,0.618308,0.91397,6
P2536,5,0.326747,0.3302,0.656947,0
P2882,5,0.336342,0,0.336342,3
P2887,5,0.25629,0,0.25629,1
P2229,5,0.286632,0,0.286632,0
P2226,5,0.630951,0,0.630951,0
P2888,5,0.379843,0,0.379843,1
P2222,5,0.330192,0,0.330192,3
P2220,5,0.292202,0,0.292202,6
P2406,5,0.311047,0.323502,0.634549,6
P2156,5,0.361209,0.616535,0.977744,4
P2153,5,0.296432,1.577569,1.874001,6
P1757,5,0.30601,0,0.30601,5
P1754,5,0.337682,1.693645,2.031328,1
P1752,5,0.402361,0,0.402361,6
P2158,5,0.303261,0.652617,0.955878,1
P2408,5,0.395618,0,0.395618,5
P321,5,0.318876,0,0.318876,6
P2988,5,0,0.388044,0.388044,5
P1623,5,0.279581,0,0.279581,1
P1621,5,0.340608,0.360436,0.701044,3
P1994,5,0.397588,0.400031,0.797619,4
P1995,5,0.568656,0,0.568656,1
P1997,5,0.286738,0.335085,0.621822,5
P1998,5,0.668795,0,0.668795,5
P1999,5,0.333039,0.678016,1.011056,4
P2087,5,0.424034,0,0.424034,0
P2086,5,0,0.641258,0.641258,4
P2085,5,0.625833,0,0.625833,2
P1578,5,0.404688,1.583634,1.988323,3
P939,5,0.548071,1.027698,1.575769,2
P428,5,0.442808,0,0.442808,2
P429,5,0.285872,0.660769,0.946641,2
P1572,5,0.638938,0.313243,0.95218,4
P935,5,0.38259,1.357975,1.740565,5
P422,5,0,2.29648,2.29648,3
P1577,5,0.291142,0.45991,0.751052,2
P2713,5,0,0.253299,0.253299,6
P2982,5,0.329754,0,0.329754,0
P2710,5,0.257146,0.292128,0.549274,6
P2717,5,0.321528,0,0.321528,0
P2716,5,0.345125,0,0.345125,3
P2719,5,0.604553,0,0.604553,2
P3459,5,0.368524,0,0.368524,6
P1589,5,0.444535,0,0.444535,5
P2410,5,0.71341,0,0.71341,0
P3100,5,0.323718,0.316125,0.639843,5
P1199,5,0.327011,0.921166,1.248177,4
P1269,5,0.292316,0.372928,0.665244,0
P448,5,0.363953,0.884178,1.248132,1
P1192,5,0.372075,2.397608,2.769682,1
P1193,5,0.356563,1.763962,2.120525,6
P1195,5,0.349105,0.360061,0.709166,0
P1196,5,0.348531,0,0.348531,3
P1197,5,0,0.930825,0.930825,2
P1370,5,0.385437,0,0.385437,1
P1373,5,0.292707,4.053441,4.346148,2
P1376,5,0.551182,0,0.551182,4
P1377,5,0.694517,0,0.694517,2
P686,5,0.287793,0,0.287793,0
P684,5,0.351974,1.286194,1.638168,0
P1177,5,0.415573,0,0.415573,3
P339,5,0.342255,0.919543,1.261798,0
P1170,5,0.337482,0.275113,0.612595,1
P1171,5,0.407196,2.706576,3.113772,3
P331,5,0.271216,0,0.271216,4
P998,5,0.365923,0.612284,0.978207,6
P334,5,0.351982,0.458101,0.810084,5
P440,5,0.334706,0.254119,0.588825,6
P1287,5,0.288443,0,0.288443,3
P1282,5,0.356137,0,0.356137,3
P1283,5,0.571475,0.4385,1.009974,4
P207,5,0.268686,0,0.268686,0
P200,5,0,1.069397,1.069397,3
P420,5,0.391079,0.390538,0.781617,6
P114,5,0.349719,0.280895,0.630613,2
P118,5,0.294076,0.392183,0.686259,5
P1817,5,0.259533,0.435518,0.69505,4
P1816,5,0.421747,0,0.421747,5
P1811,5,0.356513,0.304341,0.660854,6
P1542,5,0.570991,0,0.570991,4
P3615,5,0.273569,0,0.273569,3
P3618,5,0.262594,0,0.262594,1
P560,5,0.340263,0.674554,1.014817,6
P26,5,0,1.75504,1.75504,2
P20,5,0.729106,0.406069,1.135175,0
P28,5,0,0.376871,0.376871,1
P1939,5,0.645959,0,0.645959,2
P1758,5,0.283844,0,0.283844,5
P3727,5,0.359384,0,0.359384,5
P3051,5,0.413041,0,0.413041,5
P413,5,0.665859,0.365923,1.031783,6
P746,5,0.322057,3.283458,3.605515,5
P3439,5,0.390521,0.391528,0.782049,6
P3123,5,0.349233,0.374586,0.723819,6
P3433,5,0.419253,0.843141,1.262394,1
P742,5,0.367957,0,0.367957,2
P740,5,0.353629,0,0.353629,4
P3302,5,0.574091,0.281896,0.855986,1
P190,5,0.384042,0,0.384042,6
P191,5,0.336229,0,0.336229,4
P3545,5,0.697129,0,0.697129,0
P3547,5,0.271001,0.346996,0.617997,1
P3543,5,0,1.996131,1.996131,1
P2896,5,0.292659,0.573977,0.866636,6
P2234,5,0.332096,0,0.332096,1
P2235,5,0.451336,0,0.451336,6
P2893,5,0.342201,0,0.342201,5
P2146,5,0.52151,0,0.52151,4
P2144,5,0.261213,0.563585,0.824798,2
P2415,5,0.396824,0,0.396824,3
P2418,5,0.283668,0,0.283668,0
P2419,5,0,0.685297,0.685297,2
P1767,5,0.589455,0,0.589455,6
P1765,5,0.419289,1.109504,1.528794,5
P2091,5,0.328669,0,0.328669,2
P2092,5,0.301327,0.277105,0.578433,4
P2093,5,0.316448,0,0.316448,6
P2099,5,0.287878,0.284512,0.572391,0
P2526,5,0.381972,0,0.381972,4
P1969,5,0.300166,0.28262,0.582786,4
P1968,5,0.33917,0,0.33917,4
P1619,5,0.70646,0,0.70646,3
P1965,5,0.322175,0.412769,0.734944,5
P1614,5,0.314543,0.256049,0.570592,0
P1961,5,0.329911,0.271179,0.60109,3
P1962,5,0.36659,0.968237,1.334827,1
P431,5,0.384121,0,0.384121,1
P924,5,0.270198,2.813326,3.083524,0
P436,5,0.406134,0.922498,1.328631,2
P2709,5,0.451256,0.263971,0.715227,5
P2704,5,0.304448,1.134458,1.438905,6
P2702,5,0.287146,0.705063,0.992209,6
P2985,5,0.321119,0.582088,0.903207,4
P325,5,0.408209,0.737102,1.145312,3
P327,5,0.32485,0,0.32485,5
P1389,5,0.283691,0.67744,0.961131,1
P322,5,0.30782,0,0.30782,4
P1385,5,0.307237,0,0.307237,5
P1384,5,0.423169,1.002086,1.425254,4
P1387,5,0.273199,0,0.273199,0
P1386,5,0.320903,0.65941,0.980313,0
P328,5,0.441763,0.363739,0.805503,4
P1142,5,0.39487,0,0.39487,1
P1146,5,0.431196,0.425621,0.856817,5
P1144,5,0.442375,0.305436,0.747811,6
P1149,5,0.693264,0,0.693264,3
P1148,5,0.263109,1.057491,1.3206,0
P920,5,0.476003,0.257903,0.733907,3
P1815,5,0.326183,0,0.326183,4
P1545,5,0.648346,0.967162,1.615508,6
P1543,5,0.304509,1.014793,1.319302,6
P1810,5,0.576717,1.051716,1.628433,4
P1540,5,0.381489,0.289057,0.670546,4
P1818,5,0.305076,0,0.305076,6
P211,5,0.453942,2.410062,2.864005,1
P210,5,0.352045,0,0.352045,1
P214,5,0.312371,0,0.312371,0
P217,5,0.379051,0,0.379051,4
P982,5,0,0.357555,0.357555,4
P1987,5,0.282624,1.356284,1.638908,1
P695,5,0.257675,1.827799,2.085474,0
P694,5,0.634924,0.264816,0.899739,4
P692,5,0.269416,1.017626,1.287042,1
P699,5,0.386781,0.388454,0.775235,0
P3152,5,0.281732,0,0.281732,5
P3153,5,0.357732,0,0.357732,0
P1980,5,0.353,0,0.353,6
P3403,5,0.344966,0,0.344966,0
P3156,5,0.271153,0,0.271153,1
P3157,5,0.307028,0,0.307028,4
P108,5,0.391083,0.954997,1.346079,3
P100,5,0.457021,0,0.457021,0
P103,5,0.298261,0,0.298261,5
P102,5,0.536971,0,0.536971,6
P2973,5,0.317857,0,0.317857,1
P3456,5,0.408104,0,0.408104,3
P1736,5,0.378165,0,0.378165,1
P2401,5,0.317849,0,0.317849,3
P828,5,0.276363,0.315445,0.591807,0
P3606,5,0.289284,0.577018,0.866302,0
P3607,5,0,0.282757,0.282757,0
P1115,5,0.317047,0,0.317047,6
P2400,5,0.400031,0,0.400031,4
P1116,5,0.754227,0,0.754227,3
P3391,5,0.698105,0,0.698105,2
P38,5,0.306066,0,0.306066,6
P32,5,0.443173,1.048032,1.491205,5
P821,5,0.388274,0.345686,0.73396,5
P357,5,0.346938,0,0.346938,3
P1296,5,0.256536,0,0.256536,3
P1567,5,0.53262,0,0.53262,0
P3049,5,0.282905,0.307884,0.590789,6
P3739,5,0.337779,0.625664,0.963443,0
P3041,5,0.380814,0,0.380814,5
P3733,5,0.283426,0,0.283426,2
P3731,5,0.293455,0,0.293455,3
P3595,5,0.35423,0,0.35423,1
P2643,5,0.270636,0,0.270636,3
P2959,5,0.41035,0.75574,1.16609,2
P3131,5,0.334906,0.337191,0.672097,2
P3132,5,0.522617,0,0.522617,1
P2955,5,0.335883,0,0.335883,2
P2954,5,0.64596,0,0.64596,0
P2957,5,0.373591,0.373106,0.746696,2
P2953,5,0.376767,0,0.376767,5
P2952,5,0.312713,0,0.312713,0
P1615,5,0.369602,0,0.369602,3
P3428,5,0.402166,0,0.402166,5
P3422,5,0.342702,0,0.342702,6
P3420,5,0.301656,0,0.301656,6
P3421,5,0.349234,0,0.349234,1
P3426,5,0.316125,0,0.316125,5
P3427,5,0.25894,0,0.25894,6
P3424,5,0.309369,0.256289,0.565658,0
P2394,5,0.265683,0.415573,0.681256,3
P2391,5,0.288608,0.988639,1.277247,1
P3557,5,0.355731,0,0.355731,0
P3552,5,0.256705,0.355047,0.611751,6
P3553,5,0.28313,0,0.28313,6
P3550,5,0.542424,0.572447,1.114871,5
P1257,5,0.581194,0,0.581194,5
P2171,5,0.271179,1.191227,1.462407,3
P2176,5,0.442932,0.309519,0.752451,3
P2175,5,0.32027,0,0.32027,0
P2179,5,0.385154,0,0.385154,6
P1848,5,0.646483,0.357734,1.004217,0
P1609,5,0.379023,0.929124,1.308147,0
P2553,5,0.588896,0,0.588896,5
P2556,5,0.592579,0.335889,0.928468,1
P1602,5,0.479022,2.97798,3.457002,4
P1605,5,0.418363,0,0.418363,1
P1606,5,0.433635,1.320447,1.754082,1
P918,5,0.339026,0.598894,0.93792,5
P958,5,0.363739,0,0.363739,4
P912,5,0.556898,0,0.556898,3
P913,5,0.313243,0.718382,1.031624,4
P910,5,0.34896,1.11314,1.462101,1
P917,5,0.691843,0.299393,0.991236,0
P914,5,0.267858,0,0.267858,1
P2771,5,0.358138,0,0.358138,1
P2770,5,0.644354,0,0.644354,3
P954,5,0.31533,0.38989,0.70522,3
P955,5,0,1.034984,1.034984,4
P3271,5,0.309371,0,0.309371,6
P952,5,0.372423,0,0.372423,6
P1774,5,0.47365,0.270918,0.744568,2
P1776,5,0.399419,1.077003,1.476421,0
P1777,5,0.251025,1.57386,1.824886,5
P1770,5,0.681046,0.485976,1.167022,5
P1773,5,0.321876,0.390751,0.712626,3
P1778,5,0.576928,0.555859,1.132787,3
P354,5,0.301264,0,0.301264,0
P1398,5,0.371423,1.304178,1.675601,0
P1397,5,0.390751,0,0.390751,3
P1394,5,0.360061,0,0.360061,0
P1395,5,0,0.274486,0.274486,1
P1392,5,0.284726,0,0.284726,1
P1391,5,0.813742,0,0.813742,3
P594,5,0.538337,0,0.538337,6
P2601,5,0.531439,0.259981,0.79142,6
P2603,5,0.351066,0.351286,0.702351,1
P1156,5,0.339409,0.726479,1.065888,1
P1157,5,0.264457,0.621462,0.885919,4
P1150,5,0.379259,0,0.379259,0
P1551,5,0.274303,2.43629,2.710593,3
P1804,5,0.588808,0.364208,0.953016,1
P773,5,0.390951,0.386588,0.77754,1
P776,5,0.666242,0,0.666242,5
P777,5,0.406192,0,0.406192,1
P627,5,0.28728,0,0.28728,2
P1163,5,0.28262,0,0.28262,4
P1162,5,0.297038,0,0.297038,5
P178,5,0.266721,0.751317,1.018038,1
P1580,5,0.279722,0,0.279722,3
P173,5,0.352345,0.573106,0.92545,0
P174,5,0.392183,0.957036,1.349219,5
P175,5,0.580002,0.277366,0.857368,2
P176,5,0.321943,0.594491,0.916434,6
P302,5,0.318093,0.826283,1.144376,2
P3638,5,0.401311,0.320826,0.722138,3
P3636,5,0.267862,0,0.267862,0
P3633,5,0,0.322175,0.322175,5
P3582,5,0.354118,0,0.354118,3
P49,5,0.687502,0,0.687502,2
P48,5,0.369355,2.028943,2.398298,6
P42,5,0.332773,0,0.332773,0
P1673,5,0.354488,0.259542,0.614031,2
P3708,5,0.329565,0,0.329565,1
P3700,5,0.347353,0,0.347353,6
P3705,5,0.321414,0.259848,0.581262,3
P1302,5,0.361321,0.372756,0.734076,0
P3093,5,0.285222,0,0.285222,0
P3091,5,0.383391,0,0.383391,5
P3090,5,0.298844,0,0.298844,6
P3095,5,0.276914,0,0.276914,6
P3143,5,0.491066,0,0.491066,5
P3142,5,0.573096,0.64058,1.213676,6
P3413,5,0.266714,0,0.266714,6
P3411,5,0.447389,0,0.447389,6
P3410,5,0.322373,0,0.322373,1
P2942,5,0.327511,0,0.327511,4
P2940,5,0.263069,0.855316,1.118385,4
P3418,5,0.405084,0,0.405084,3
P3387,5,0.321496,0.25773,0.579225,5
P3384,5,0.348492,0.744187,1.092679,1
P3382,5,0.510593,0,0.510593,0
P3381,5,0,0.254685,0.254685,5
P1100,5,0.261452,0,0.261452,0
P2384,5,0.378082,0.253679,0.631761,3
P1508,5,0.419012,0,0.419012,3
P3560,5,0.567146,0,0.567146,5
P3565,5,0.315111,0.280341,0.595453,3
P3569,5,0.311865,0,0.311865,0
P2168,5,0.373106,0,0.373106,2
P2165,5,0,0.569661,0.569661,1
P2166,5,0.320457,0,0.320457,3
P2160,5,0.3637,0.307458,0.671157,1
P2162,5,0.259586,0.362462,0.622048,5
P3468,5,0.308804,0,0.308804,5
P2542,5,0.357251,0.750734,1.107985,6
P2543,5,0.250219,1.141336,1.391555,6
P2540,5,0.297012,0.308804,0.605816,5
P2544,5,0.268037,0,0.268037,0
P1942,5,0.389791,0,0.389791,5
P2549,5,0,2.530612,2.530612,3
P1947,5,0,0.604672,0.604672,1
P1946,5,0.273784,1.267281,1.541065,5
P1945,5,0.268276,1.226119,1.494396,3
P1944,5,0.375095,0,0.375095,1
P2756,5,0.338201,0,0.338201,2
P1014,5,0.629087,0,0.629087,1
P1017,5,0.313395,0,0.313395,4
P1012,5,0.343725,0,0.343725,6
P2753,5,0.324634,0.329027,0.653661,0
P2761,5,0.439256,0,0.439256,3
P2766,5,0.255858,0,0.255858,0
P2767,5,0.325728,0.311865,0.637593,0
P2764,5,0.329027,0.309369,0.638396,0
P1491,5,0.279814,0,0.279814,5
P1493,5,0.545553,0.309526,0.855079,6
P1495,5,0.361292,1.230028,1.59132,5
P1496,5,0.286159,0,0.286159,0
P1701,5,0.295763,0.364218,0.659982,5
P1707,5,0.398948,1.141991,1.540939,4
P343,5,0.282486,0.394326,0.676812,0
P347,5,0,0.295451,0.295451,6
P348,5,0.28782,0,0.28782,1
P2610,5,0.315645,0.362375,0.678021,5
P2611,5,0.348824,0.662052,1.010876,5
P1120,5,0.265782,0.91208,1.177862,3
P1123,5,0.345686,0,0.345686,5
P1833,5,0,0.295662,0.295662,6
P904,5,0.261911,2.236822,2.498733,5
P901,5,0.419077,0,0.419077,0
P1834,5,0.305891,0.256346,0.562237,6
P1839,5,0.448857,0.803891,1.252748,6
P1235,5,0.32176,0.385437,0.707196,1
P1234,5,0.505844,0,0.505844,5
P769,5,0.638385,0,0.638385,1
P768,5,0.332911,0,0.332911,6
P765,5,0.464979,0.634293,1.099273,6
P766,5,0.55068,0,0.55068,6
P1238,5,0.28368,0.696672,0.980352,3
P168,5,0.432196,0.345875,0.778071,5
P162,5,0.276681,0,0.276681,4
P166,5,0,0.535695,0.535695,5
P165,5,0.349827,0,0.349827,5
P164,5,0.413897,0,0.413897,3
P3548,5,0.453982,0,0.453982,6
P3623,5,0.300654,0.632807,0.933461,4
P3625,5,0.354789,0,0.354789,2
P3627,5,0.384771,0,0.384771,5
P54,5,0.277627,1.306892,1.584519,4
P55,5,0.438443,1.163745,1.602188,3
P56,5,0.270226,0.326023,0.596248,5
P51,5,0.522114,0.274257,0.796371,5
P53,5,0.435012,0.266721,0.701732,1
P3716,5,0.284344,0.273688,0.558032,0
P3717,5,0.400544,0.395697,0.796241,2
P3710,5,0.272114,0,0.272114,3
P3719,5,0.557398,0.283943,0.841341,3
P2958,5,0.330944,0,0.330944,1
P3088,5,0.364218,1.563549,1.927767,5
P3089,5,0.435615,0,0.435615,6
P3084,5,0.259981,0.25765,0.517631,6
P3085,5,0.291202,0,0.291202,6
P2645,5,0.332979,0,0.332979,4
P3087,5,0.312342,0.392375,0.704717,3
P477,5,0.624866,0.292316,0.917182,0
P3082,5,0.290276,0.617573,0.907849,3
P3083,5,0.333612,0,0.333612,5
P471,5,0.331448,0,0.331448,3
P1506,5,0.283408,0,0.283408,5
P3401,5,0,1.200445,1.200445,3
P2978,5,0.392142,0.297425,0.689567,5
P3154,5,0.380993,1.43475,1.815744,6
P2974,5,0.281812,0.26218,0.543992,3
P3390,5,0.432853,0,0.432853,0
P376,5,0.443163,0,0.443163,6
P3393,5,0.31478,0,0.31478,3
P3395,5,0.263855,0,0.263855,3
P3396,5,0.625611,0,0.625611,0
P3397,5,0.301134,0,0.301134,6
P374,5,0.273688,0,0.273688,0
P807,5,0,0.6709,0.6709,5
P2375,5,0.361547,0.967248,1.328795,6
P2374,5,0.360016,0.37209,0.732106,5
P2377,5,0.332351,0,0.332351,0
P2372,5,0.643696,0,0.643696,5
P3036,5,0.271906,0,0.271906,5
P1138,5,0.362489,0.342699,0.705189,1
P3579,5,0.360098,0,0.360098,1
P3575,5,0.34172,0,0.34172,5
P3570,5,0.486953,0.784099,1.271053,3
P3571,5,0.327719,0,0.327719,2
P3573,5,0.269421,0,0.269421,2
P2113,5,0.379411,1.117462,1.496873,2
P2114,5,0.639621,0.39487,1.034491,1
P2289,5,0,0.310772,0.310772,0
P449,5,0.418539,0,0.418539,3
P575,5,0.660174,0.377793,1.037967,5
P2280,5,0.443896,0.775801,1.219697,6
P2282,5,0.411026,0,0.411026,5
P2285,5,0.704468,0,0.704468,3
P2286,5,0.383093,0,0.383093,2
P1954,5,0.276432,0.676808,0.95324,5
P1955,5,0.364415,0,0.364415,0
P1956,5,0.383796,0,0.383796,2
P1953,5,0.265716,0,0.265716,3
P1958,5,0.372324,0.293309,0.665633,3
P1959,5,0.323721,1.313396,1.637116,5
P571,5,0.358521,0,0.358521,3
P1134,5,0.378722,0,0.378722,3
P2576,5,0.335178,0,0.335178,3
P2575,5,0.624856,0,0.624856,5
P2574,5,0.429635,0.317722,0.747357,5
P2573,5,0.662898,0,0.662898,5
P2571,5,0.993518,0.455384,1.448902,5
P2024,5,0.342851,0,0.342851,3
P2755,5,0.565376,0.435615,1.000991,6
P2752,5,0.258158,0.257526,0.515685,6
P2023,5,0.283946,0.638448,0.922394,4
P2750,5,0.259789,0.961877,1.221666,6
P1006,5,0.531054,0.437042,0.968096,1
P1004,5,0.385506,0,0.385506,5
P2029,5,0.577387,0,0.577387,3
P1003,5,0.383041,0,0.383041,3
P2594,5,0.3302,0,0.3302,0
P2597,5,0.356628,0,0.356628,0
P2596,5,0.366349,0,0.366349,3
P2591,5,0.371204,0,0.371204,3
P2593,5,0.395003,0.391079,0.786082,6
P2598,5,0.321344,0,0.321344,6
P1480,5,0,0.25268,0.25268,2
P1488,5,0.303534,0.642968,0.946502,0
P1489,5,0.385754,0.940231,1.325985,5
P1712,5,0.382986,1.018604,1.40159,4
P1710,5,0.416971,0,0.416971,4
P1716,5,0.260843,1.114093,1.374936,0
P1717,5,0.280584,0,0.280584,0
P1714,5,0.317722,0.696191,1.013913,5
P809,5,0.339932,0,0.339932,3
P804,5,0.375756,0.675217,1.050974,6
P377,5,0.402133,1.461248,1.863381,0
P372,5,0.571883,0.416971,0.988853,4
P370,5,0.345961,0.27019,0.616152,5
P2622,5,0.30803,0.332123,0.640153,4
P2621,5,0.2964,0.798418,1.094819,5
P2620,5,0.708351,1.001616,1.709967,6
P578,5,0.317584,0,0.317584,4
P579,5,0.375136,0.666238,1.041374,3
P2625,5,0.376036,0,0.376036,5
P574,5,0.345643,0,0.345643,1
P1133,5,0.691939,0.609422,1.301361,3
P1130,5,0.316305,1.113824,1.43013,1
P1131,5,0.287657,0.639735,0.927392,2
P1136,5,0.331017,0.37222,0.703238,2
P572,5,0.62103,1.009909,1.630938,4
P1828,5,0.3059,0.611706,0.917606,3
P1829,5,0.420942,0.374058,0.795,1
P976,5,0.280867,0.559144,0.840011,0
P977,5,0.322011,0.672356,0.994367,2
P719,5,0.331487,1.412797,1.744284,4
P1224,5,0.272038,0.322189,0.594227,0
P1225,5,0.314723,0.359357,0.67408,6
P1222,5,0.370192,1.344797,1.71499,6
P1220,5,0.437064,0,0.437064,6
P1825,5,0.295329,0.620328,0.915657,5
P710,5,0.299393,0,0.299393,0
P713,5,0.408148,0,0.408148,3
P714,5,0.397325,2.456994,2.854319,3
P716,5,0,0.711965,0.711965,0
P717,5,0,2.172776,2.172776,1
P488,5,0.332758,0,0.332758,5
P489,5,0.323525,0,0.323525,1
P480,5,0.324218,0,0.324218,2
P482,5,0.340922,2.485935,2.826856,2
P484,5,0.440571,1.300787,1.741358,5
P485,5,0.276262,0.270636,0.546898,3
P624,5,0.281636,1.379125,1.660761,0
P155,5,0.312314,0,0.312314,1
P152,5,0.550295,0.250252,0.800547,4
P621,5,0.384171,0.27632,0.660491,5
P622,5,0.34852,0,0.34852,0
P151,5,0.388064,0,0.388064,2
P628,5,0.29603,1.50632,1.80235,1
P629,5,0.411991,0.850561,1.262552,6
P158,5,0.317042,0.85326,1.170301,0
P395,5,0.604044,0.634823,1.238867,4
P396,5,0.39498,0,0.39498,6
P397,5,0.304341,0.754884,1.059225,6
P2323,5,0.427584,0,0.427584,4
P398,5,0.352858,0,0.352858,0
P399,5,0.282466,0.318271,0.600737,1
P2321,5,0.329736,0,0.329736,3
P3253,5,0.437425,0.353635,0.79106,2
P61,5,0.311158,0,0.311158,2
P60,5,0.32621,0,0.32621,1
P62,5,0.290197,0.292285,0.582482,6
P67,5,0.306497,0.519094,0.825591,2
P68,5,0.338389,0,0.338389,0
P1221,5,0.400786,0.670262,1.071048,6
P3763,5,0.343608,0,0.343608,6
P1678,5,0.386294,0,0.386294,5
P2072,5,0.342922,0,0.342922,0
P1228,5,0.386397,0.278669,0.665066,6
P2073,5,0.276177,0.381489,0.657666,4
P2070,5,0.388454,0,0.388454,0
P1671,5,0.316622,0.678597,0.99522,3
P2964,5,0.377893,0.316995,0.694888,4
P2960,5,0.386528,0,0.386528,6
P2962,5,0.395536,0,0.395536,1
P2969,5,0.304586,0,0.304586,0
P3169,5,0.281458,0.371386,0.652844,2
P3168,5,0.267127,0,0.267127,3
P3167,5,0.698453,0.407085,1.105537,3
P3161,5,0.319939,0,0.319939,5
P3160,5,0.257418,1.301573,1.558991,4
P3369,5,0.34272,0.316132,0.658852,4
P3368,5,0.345159,0.277997,0.623156,3
P3365,5,0.396893,0,0.396893,0
P3367,5,0.338225,0.643572,0.981798,6
P3361,5,0.470938,0,0.470938,6
P3362,5,0.332496,0,0.332496,4
P3185,5,0.297923,0.409629,0.707551,1
P3180,5,0.276384,0,0.276384,5
P2368,5,0.295451,1.066774,1.362225,6
P2369,5,0.305274,0.303319,0.608593,0
P2366,5,0,0.759344,0.759344,4
P3188,5,0.314694,0.787642,1.102336,5
P2360,5,0.27353,0.297016,0.570546,6
P688,5,0.252432,0,0.252432,5
P3235,5,0.320333,0,0.320333,4
P3500,5,0.33705,0,0.33705,0
P3502,5,0.256588,0,0.256588,6
P3504,5,0.335889,0,0.335889,1
P3506,5,0.637359,0,0.637359,5
P2107,5,0.353021,1.493236,1.846258,6
P2298,5,0.353635,0.705503,1.059138,2
P2292,5,0.365791,1.966066,2.331857,6
P2290,5,0.38989,0.384955,0.774845,3
P2296,5,0.354535,0,0.354535,1
P2294,5,0.304414,0,0.304414,4
P1925,5,0.328105,0.319939,0.648044,5
P1926,5,0.311216,0.96582,1.277037,0
P1928,5,0.28125,1.943201,2.224451,5
P2568,5,0.42776,0,0.42776,1
P2569,5,0.307235,0.291673,0.598908,0
P3217,5,0.326359,0.953128,1.279487,1
P3210,5,0.253975,0,0.253975,1
P3212,5,0.266046,0,0.266046,1
P2560,5,0.301547,0.301348,0.602894,1
P3219,5,0.395647,0.292396,0.688043,1
P2567,5,0.358414,0,0.358414,3
P2036,5,0,0.959084,0.959084,0
P2741,5,0.395043,0,0.395043,5
P2032,5,0.452952,0.56418,1.017132,6
P2746,5,0.305117,0.265667,0.570784,4
P1031,5,0.373346,0,0.373346,2
P1030,5,0.262649,1.349829,1.612478,4
P1036,5,0.312677,0,0.312677,6
P2039,5,0.332123,1.843338,2.175461,4
P2584,5,0.384955,0.32748,0.712435,3
P2583,5,0.327285,0,0.327285,3
P2476,5,0.338328,0,0.338328,4
P1608,5,0.572661,0,0.572661,3
P1347,5,0.693403,0,0.693403,5
P2550,5,0.46537,0,0.46537,2
P2552,5,0,0.317117,0.317117,5
P1729,5,0.613691,0.594004,1.207695,0
P1727,5,0.308715,0.489116,0.797832,6
P1722,5,0.659225,0.329285,0.98851,2
P363,5,0.338874,0,0.338874,5
P367,5,0.299452,2.377203,2.676655,2
P366,5,0.280176,0,0.280176,2
P2639,5,0.420056,0,0.420056,4
P2637,5,0.61412,0.262998,0.877118,6
P2631,5,0.593036,1.000037,1.593073,3
P2633,5,0.309704,0,0.309704,4
P1603,5,0.795957,0.282486,1.078443,0
P157,5,0,0.702865,0.702865,4
P1972,5,0.324304,0.732049,1.056352,0
P1087,5,0.471334,0,0.471334,4
P1973,5,0.389633,0.451313,0.840946,6
P1859,5,0,1.591002,1.591002,5
P967,5,0.366363,1.002112,1.368475,1
P964,5,0.386588,0.291006,0.677594,1
P969,5,0.351139,0,0.351139,4
P1587,5,0.725095,0.305817,1.030913,1
P1584,5,0,0.40952,0.40952,4
P2671,5,0.311813,1.75812,2.069932,4
P1213,5,0.305164,2.808524,3.113688,0
P709,5,0.392375,0,0.392375,3
P1216,5,0,0.279322,0.279322,6
P1215,5,0.476288,1.214397,1.690685,0
P701,5,0.488886,0,0.488886,5
P1218,5,0.654143,0,0.654143,4
P706,5,0.28615,0.406192,0.692342,1
P704,5,0.311038,0.669493,0.980531,0
P491,5,0.314285,0,0.314285,6
P524,5,0,0.644914,0.644914,0
P496,5,0.345153,0,0.345153,5
P495,5,0.616248,0,0.616248,4
P3348,5,0.611436,0,0.611436,3
P528,5,0.291444,0,0.291444,2
P140,5,0.333306,0.898848,1.232154,5
P634,5,0.361292,0.595435,0.956728,6
P145,5,0.31174,0,0.31174,4
P632,5,0.32546,0,0.32546,2
P148,5,0,1.594659,1.594659,2
P3693,5,0.321647,0.613808,0.935455,6
P639,5,0.294906,0.277215,0.572121,3
P387,5,0.432971,2.680701,3.113672,2
P385,5,0.67949,0.383792,1.063281,6
P383,5,0.388188,0.55695,0.945139,1
P381,5,0.262003,2.418877,2.68088,5
P380,5,0.289806,1.341992,1.631798,2
P3347,5,0.348915,0,0.348915,3
P388,5,0,0.272625,0.272625,1
P2626,5,0.280312,0,0.280312,3
P76,5,0.263763,0.594914,0.858676,4
P74,5,0.293749,0.323719,0.617468,3
P72,5,0.319599,0,0.319599,1
P73,5,0.294138,1.253552,1.547691,2
P71,5,0.295628,0.647969,0.943597,3
P1786,5,0.463312,0,0.463312,0
P3772,5,0.29156,0,0.29156,0
P2060,5,0.704606,0,0.704606,1
P2913,5,0.337408,0,0.337408,6
P2912,5,0.331287,0,0.331287,6
P2914,5,0,0.623531,0.623531,6
P2916,5,0.309988,0,0.309988,0
P3170,5,0.284058,0.361292,0.64535,5
P3171,5,0.332625,0,0.332625,0
P3173,5,0.256289,0,0.256289,0
P3176,5,0.309574,0.385154,0.694728,6
P3372,5,0.259985,0.713203,0.973189,0
P3196,5,0.318661,0,0.318661,4
P2358,5,0.291613,0,0.291613,0
P3193,5,0.315321,0,0.315321,6
P3190,5,0.254613,0,0.254613,0
P3191,5,0,0.549135,0.549135,4
P2353,5,0.313392,0.255867,0.569258,3
P2352,5,0.288185,0,0.288185,1
P2356,5,0.60838,0.319679,0.928059,1
P2354,5,0.263043,0,0.263043,0
P3524,5,0.332359,0,0.332359,6
P3521,5,0.271449,0.311158,0.582607,2
P2839,5,0.410194,0.250762,0.660956,5
P2823,5,0.292998,0,0.292998,2
P3518,5,0.379763,0,0.379763,1
P3512,5,0.289024,0,0.289024,5
P3510,5,0.320873,0,0.320873,6
P2284,5,0.317159,0.282624,0.599783,1
P350,5,0.363055,0.284602,0.647656,4
P1256,5,0.313498,0,0.313498,3
P1527,5,0.483191,0,0.483191,2
P1526,5,0.376505,0,0.376505,6
P356,5,0.303477,0.413042,0.716518,6
P1934,5,0.28172,0,0.28172,6
P3206,5,0.323502,0,0.323502,6
P3205,5,0.427698,0,0.427698,2
P3201,5,0.73065,0,0.73065,3
P3209,5,0.372731,0.27599,0.648721,1
P2002,5,0.720958,0.339109,1.060066,2
P2000,5,0.288906,0,0.288906,1
P2007,5,0.591113,0.318034,0.909147,1
P2006,5,0.386594,0.259986,0.646579,0
P295,5,0.328991,0,0.328991,2
P294,5,0.434736,0.254556,0.689292,2
P3116,5,0.382402,0,0.382402,2
P2131,5,0.272333,0,0.272333,1
P2130,5,0.323614,0,0.323614,4
P2139,5,0.676712,0.276383,0.953095,1
P1446,5,0.307489,0,0.307489,4
P1112,5,0.45083,2.362015,2.812844,0
P1113,5,0.448575,0,0.448575,6
P1440,5,0.376166,0.28313,0.659295,6
P458,5,0.377361,0.947651,1.325012,0
P824,5,0.390404,0,0.390404,2
P1449,5,0.259301,0,0.259301,2
P2648,5,0.407085,0,0.407085,3
P553,5,0.372753,0.877414,1.250167,0
P550,5,0.369703,0.805814,1.175517,3
P1597,5,0.375799,0.644553,1.020352,6
P1590,5,0.300529,0,0.300529,6
P981,5,0.292248,0,0.292248,5
P452,5,0.397683,0,0.397683,6
P1020,5,0.286464,0.443163,0.729627,6
P1022,5,0.491675,0.737381,1.229056,4
P956,5,0.331449,0.587212,0.918661,5
P1028,5,0.283538,1.357764,1.641302,5
P953,5,0.377962,0,0.377962,3
P736,5,0.318025,1.351875,1.6699,4
P737,5,0.34365,2.327577,2.671227,0
P730,5,0.299416,1.343676,1.643093,3
P738,5,0.668327,2.136115,2.804442,4
P739,5,0.450173,0.283691,0.733864,1
P1209,5,0.424847,0,0.424847,6
P1204,5,0.353177,0,0.353177,6
P1206,5,0.356166,0,0.356166,3
P1207,5,0.405588,0,0.405588,0
P1202,5,0.388341,0.686106,1.074447,0
P1403,5,0.346992,0.290264,0.637256,3
P608,5,0.344759,0,0.344759,3
P609,5,0.278038,0.353974,0.632011,1
P2614,5,0.341831,0,0.341831,0
P3027,5,0.32441,0,0.32441,2
P1800,5,0.295952,1.01194,1.307892,6
P1557,5,0.45991,0,0.45991,2
P88,5,0.33817,0,0.33817,2
P82,5,0.305817,0.540571,0.846388,1
P1788,5,0.53707,0,0.53707,6
P3749,5,0,0.395647,0.395647,1
P3746,5,0.337058,0,0.337058,0
P3745,5,0.376906,0.913988,1.290894,1
P3744,5,0.303883,0,0.303883,5
P3742,5,0.473215,0,0.473215,4
P2345,5,0.27693,0.28614,0.56307,4
P3230,5,0.291593,0,0.291593,0
P3237,5,0.505242,0,0.505242,1
P147,5,0.391432,0,0.391432,5
P2228,5,0,0.38847,0.38847,3
P2900,5,0.284666,0,0.284666,5
P2901,5,0.306012,0.862766,1.168778,2
P2889,5,0.684915,0,0.684915,6
P568,5,0.357459,0.746207,1.103666,5
P2224,5,0.545074,0,0.545074,5
P1321,5,0.392559,0,0.392559,1
P3699,5,0.319935,0,0.319935,6
P678,5,0.597374,0.369779,0.967153,2
P949,5,0.617741,0.362489,0.980231,1
P3690,5,0.293815,0,0.293815,0
P3340,5,0.353421,0,0.353421,4
P3695,5,0.260732,0.317983,0.578715,0
P3694,5,0.308531,0,0.308531,2
P3645,5,0.344044,0,0.344044,6
P2154,5,0.266484,0,0.266484,6
P3642,5,0.444682,0,0.444682,1
P3316,5,0.265753,0,0.265753,1
P3526,5,0.346996,0.859533,1.206529,1
P1328,5,0.326023,0,0.326023,5
P2838,5,0.558455,0,0.558455,0
P3520,5,0.317576,0.669034,0.98661,1
P2833,5,0.361263,0,0.361263,6
P3528,5,0.27124,0.270817,0.542057,5
P2159,5,0.485976,0.430798,0.916775,5
P1753,5,0,0.28748,0.28748,3
P1751,5,0.340546,1.288217,1.628763,0
P1908,5,0.304873,0,0.304873,6
P1907,5,0.305962,0.73906,1.045022,5
P1901,5,0.78162,0.325994,1.107614,2
P2346,5,0.345455,0,0.345455,6
P3234,5,0.295285,0.319935,0.61522,6
P3239,5,0.689592,0,0.689592,5
P2349,5,0.676418,0,0.676418,2
P1694,5,0.273329,0.293455,0.566784,3
P2018,5,0.447838,1.761723,2.209561,6
P2016,5,0.307347,0.594803,0.902151,4
P2010,5,0.363555,0,0.363555,6
P2013,5,0.367345,0.33917,0.706515,4
P2120,5,0.276599,0,0.276599,1
P2123,5,0.315984,0.34122,0.657204,1
P2124,5,0.336473,0,0.336473,0
P2125,5,0,0.276177,0.276177,4
P2126,5,0.428395,0.266273,0.694669,3
P2127,5,0.321744,0,0.321744,6
P2129,5,0.366752,0.298492,0.665244,5
P1473,5,0.722939,0,0.722939,5
P546,5,0.283686,0,0.283686,5
P541,5,0.321079,1.524313,1.845392,1
P1479,5,0.557547,0.27183,0.829376,1
P2659,5,0,1.064613,1.064613,1
P2650,5,0.279365,0,0.279365,0
P2651,5,0.294729,0,0.294729,5
P1876,5,0.376871,0.713057,1.089928,1
P1874,5,0.300724,0,0.300724,5
P1871,5,0.385001,0.95404,1.339041,5
P1878,5,0.308166,0,0.308166,5
P1051,5,0.380107,0,0.380107,0
P948,5,0.423409,0.431701,0.855111,6
P1057,5,0,1.522758,1.522758,5
P940,5,0.392826,0,0.392826,2
P945,5,0.287089,0.348915,0.636004,3
P944,5,0.613061,0.269758,0.882819,2
P721,5,0.3233,0.270813,0.594113,4
P725,5,0.358095,0,0.358095,3
P724,5,0.476366,0.317946,0.794313,0
P726,5,0,1.323971,1.323971,0
P729,5,0.347329,0.466691,0.81402,6
P1270,5,0.381301,0,0.381301,6
P1273,5,0.301601,0.349105,0.650706,0
P1277,5,0.354022,0.590651,0.944673,0
P1276,5,0.288837,0.318114,0.606951,0
P1620,5,0.300647,0.273542,0.574189,4
P835,5,0,0.453348,0.453348,2
P834,5,0.304289,0.280607,0.584896,5
P837,5,0,0.47365,0.47365,2
P836,5,1.043248,0,1.043248,0
P831,5,0,1.145452,1.145452,4
P830,5,0.583538,0,0.583538,6
P833,5,0,0.549396,0.549396,3
P832,5,0.300076,0.280187,0.580263,1
P1626,5,0.30038,0,0.30038,1
P1996,5,0.307458,0,0.307458,1
P1304,5,0.316904,0,0.316904,5
P1306,5,0.328343,0,0.328343,5
P1303,5,0.28614,0,0.28614,4
P615,5,0,0.440761,0.440761,1
P1309,5,0.346169,0,0.346169,5
P613,5,0.440761,0.63329,1.074052,1
P1629,5,0.331076,0,0.331076,5
P545,5,0.73004,0,0.73004,2
P1470,5,0.315645,0.691457,1.007102,4
P1477,5,0.632068,0.829651,1.461719,3
P1475,5,0.411023,1.365707,1.77673,6
P90,5,0.301548,1.491701,1.793249,6
P92,5,0.37222,0.589283,0.961503,2
P96,5,0,0.27123,0.27123,6
P97,5,0.275585,1.652913,1.928497,2
P936,5,0.308891,1.131642,1.440534,3
P937,5,0.299369,0,0.299369,2
P1576,5,0.251866,0.736453,0.98832,6
P1316,5,0,0.309331,0.309331,4
P931,5,0,0.990483,0.990483,1
P3759,5,0.253761,0,0.253761,1
P1261,5,0.362587,0,0.362587,0
P810,5,0.357734,0.265124,0.622858,0
P2652,5,0.300447,0,0.300447,6
P2938,5,0.462534,0,0.462534,5
P153,5,0,2.121103,2.121103,6
P2936,5,0.351266,0.403509,0.754774,4
P2935,5,0.29165,0,0.29165,5
P177,5,0.424439,0,0.424439,1
P2933,5,0,1.189938,1.189938,6
P2932,5,0.259542,0,0.259542,2
P2930,5,0.282912,0,0.282912,0
P3354,5,0.299711,0.3092,0.608911,1
P3355,5,0.318698,0.379023,0.697721,0
P3356,5,0.327553,0,0.327553,3
P3351,5,0.270887,0,0.270887,4
P1518,5,0.455384,0.448752,0.904136,5
P3182,5,0.565014,0,0.565014,5
P3688,5,0.377913,0,0.377913,3
P3682,5,0.408979,0,0.408979,4
P3683,5,0.42037,0,0.42037,0
P3680,5,0.302685,0,0.302685,5
P3686,5,0.368154,0,0.368154,3
P3687,5,0.30601,0,0.30601,5
P2382,5,0.364846,0,0.364846,5
P2362,5,0.37209,0,0.37209,5
P3531,5,0.361987,0,0.361987,2
P2809,5,0.395488,1.302376,1.697864,6
P2808,5,0.330967,0.384174,0.715141,6
P2802,5,0.647504,0,0.647504,6
P2801,5,0.395999,0.325775,0.721775,1
P2805,5,0.34122,0,0.34122,1
P2246,5,0.297676,0.280312,0.577987,3
P2241,5,0.602636,0.255636,0.858272,4
P2243,5,0.402745,0,0.402745,4
P2242,5,0.312445,0.35321,0.665656,5
P1918,5,0.325498,0.723042,1.048541,6
P1919,5,0.304456,0.558522,0.862979,0
P1912,5,0.348038,0.264599,0.612637,6
P2331,5,0.427725,0,0.427725,6
P3229,5,0.292135,0.303261,0.595396,1
P3224,5,0.257526,0.641768,0.899294,6
P3226,5,0.268621,0,0.268621,4
P3227,5,0.279791,0,0.279791,1
P3221,5,0.266001,0.250245,0.516246,6
P2069,5,0.384308,0.847793,1.232101,1
P2068,5,0,0.575287,0.575287,4
P1684,5,0.305137,0,0.305137,4
P1685,5,0.316599,0.328831,0.64543,5
P1686,5,0.305877,0.769247,1.075123,5
P2063,5,0.262434,0,0.262434,0
P2065,5,0,0.88305,0.88305,3
P2795,5,0.284587,0,0.284587,5
P941,5,0.324052,0,0.324052,2
P3820,5,0.284373,0,0.284373,0
P1058,5,0.634559,0,0.634559,6
P744,5,0.350447,0.383093,0.733539,2
P3265,5,0.290264,0,0.290264,3
P2487,5,0.336134,0,0.336134,4
P2484,5,0.328462,0,0.328462,4
P2483,5,0.4064,0,0.4064,5
P2667,5,0.404251,0,0.404251,5
P534,5,0.332982,0,0.332982,4
P1465,5,0.314246,2.065823,2.380068,1
P1460,5,0.328133,1.4535,1.781633,1
P2466,5,0.268683,0.329285,0.597969,3
P2461,5,0.480797,0.389517,0.870314,1
P2463,5,0.348887,0,0.348887,2
P1861,5,0.332471,0.949866,1.282338,0
P1863,5,0.605821,0,0.605821,4
P1865,5,0.261247,0.756489,1.017735,6
P1866,5,0.325938,0,0.325938,1
P1868,5,0.379984,0.278715,0.658699,6
P1042,5,0.364337,1.298104,1.662441,0
P1040,5,0.29886,0.716849,1.015709,0
P1041,5,0.374259,0,0.374259,4
P1048,5,0.306028,0,0.306028,4
P573,5,0.276197,0,0.276197,4
P288,5,0.397145,0,0.397145,3
P289,5,0.260856,0.550768,0.811625,0
P284,5,0.684556,0,0.684556,1
P285,5,0.298188,0,0.298188,5
P282,5,0.551726,0,0.551726,6
P283,5,0.285304,0.31749,0.602794,5
P992,5,0.373658,0.410141,0.783799,0
P1268,5,0.27311,0,0.27311,6
P997,5,0.317082,1.704404,2.021486,5
P1262,5,0.431701,2.124759,2.556461,6
P1263,5,0.689825,0,0.689825,1
P447,5,0.303319,0,0.303319,0
P1267,5,0.354127,1.165958,1.520085,6
P1264,5,0.413863,1.416442,1.830305,5
P743,5,0.354068,0,0.354068,4
P841,5,0.412325,1.008296,1.420621,6
P842,5,0.344277,1.246806,1.591084,5
P844,5,0.318114,0.281636,0.59975,0
P845,5,0.799709,0,0.799709,1
P848,5,0.369962,0,0.369962,2
P2529,5,0.383176,0,0.383176,6
P668,5,0.337927,1.69776,2.035686,1
P669,5,0.357176,0,0.357176,1
P1315,5,0.35999,0,0.35999,0
P1312,5,0.359357,0.687998,1.047356,6
P1313,5,0.371875,0.273868,0.645743,6
P1310,5,0.359057,0,0.359057,3
P1311,5,0.299538,0,0.299538,2
P192,5,0.446863,0.911948,1.35881,3
P663,5,0,0.582318,0.582318,5
P196,5,0.32176,0.418363,0.740123,1
P1318,5,0.628823,0.960762,1.589585,3
P1275,5,0.340783,0,0.340783,5
P805,5,0.285618,0.379259,0.664877,0
P337,5,0.388591,0,0.388591,5
P1178,5,0.338783,0.318014,0.656797,2
P335,5,0.556624,0,0.556624,3
P2,5,0.287378,0.453942,0.74132,1
P1,5,0.322454,0.907066,1.229519,5
P9,5,0.395521,0,0.395521,6
P269,5,0.767526,1.257805,2.025331,6
P3644,5,0.319614,0,0.319614,0
P801,5,0.296289,2.851255,3.147544,0
P2190,5,0.538837,0,0.538837,6
P2929,5,0.271296,0.327285,0.59858,3
P2923,5,0.268186,1.144253,1.412439,3
P2926,5,0.322847,0,0.322847,6
P3323,5,0.280785,0,0.280785,0
P3324,5,0,0.858968,0.858968,0
P3326,5,0.454182,0,0.454182,4
P2196,5,0.569781,0,0.569781,6
P2198,5,0.425073,0,0.425073,5
P584,5,0.413042,0,0.413042,6
P2812,5,0.713932,0.404882,1.118814,1
P2819,5,0.283943,0.290794,0.574738,3
P3215,5,0.380456,0,0.380456,2
P3214,5,0.346976,0,0.346976,5
P1301,5,0.357334,0,0.357334,5
P3781,5,0.387426,0,0.387426,6
P2202,5,0.336448,0,0.336448,6
P3034,5,0.276665,0,0.276665,4
P3030,5,0.291791,0,0.291791,0
P3033,5,0.782046,0,0.782046,5
P3032,5,0.632758,0,0.632758,0
P2256,5,0.265124,0,0.265124,0
P2255,5,0.64921,0,0.64921,6
P2252,5,0.351022,0.310958,0.66198,5
P2250,5,0.345145,0,0.345145,3
P2208,5,0.366873,0,0.366873,1
P589,5,0.32508,0.256026,0.581105,5
P3198,5,0.343244,0,0.343244,1
P3218,5,0.388044,0.27124,0.659284,5
P3259,5,0.261429,0.594192,0.855621,1
P2326,5,0.41596,0.28067,0.69663,1
P3251,5,0.275281,0.354118,0.629399,3
P2328,5,0.442766,0,0.442766,1
P3252,5,0.380578,2.027576,2.408154,0
P3255,5,0.296672,0.25303,0.549701,5
P2079,5,0.318605,1.344529,1.663134,5
P1679,5,0.858525,0,0.858525,4
P752,5,0.920305,0,0.920305,5
P1674,5,0.256049,0.562145,0.818194,5
P2076,5,0.337191,1.820059,2.15725,2
P1039,5,0.279901,0.657117,0.937018,6
P2074,5,0.318517,0,0.318517,4
P1672,5,0.358417,1.208357,1.566773,3
P3813,5,0.311286,0,0.311286,3
P1038,5,0.36233,0.370338,0.732668,0
P2033,5,0.623406,0,0.623406,5
P611,5,0.580897,0,0.580897,1
P2747,5,0.255554,0,0.255554,0
P1033,5,0.316452,0,0.316452,1
P2749,5,0,0.280621,0.280621,0
P2491,5,0.389497,0,0.389497,6
P930,5,0.408345,0,0.408345,0
P2670,5,0.550188,0,0.550188,3
P1418,5,0.398678,0,0.398678,4
P527,5,0.694744,0,0.694744,6
P526,5,0.38819,0,0.38819,3
P1412,5,0,0.369431,0.369431,3
P1417,5,0.439669,0.915679,1.355348,4
P1416,5,0.272426,0,0.272426,3
P1789,5,0.399712,0.334312,0.734025,3
P2475,5,0.383864,0,0.383864,6
P2472,5,0.31277,0,0.31277,4
P2473,5,0.587081,0,0.587081,6
P2470,5,0.297078,0.286544,0.583622,6
P2471,5,0.403509,1.090879,1.494388,4
P1780,5,0.30437,0.269358,0.573728,1
P1783,5,0.296079,0,0.296079,6
P1785,5,0.324834,0,0.324834,1
P1898,5,0.689147,0,0.689147,0
P1895,5,0.394569,0,0.394569,0
P1894,5,0.331968,0,0.331968,6
P1897,5,0.440847,0.313541,0.754387,0
P2787,5,0.411061,0.299416,0.710477,3
P2780,5,0.273781,0.274717,0.548499,5
P2781,5,0.398833,0.331448,0.730281,3
P1077,5,0.297716,0.380107,0.677823,0
P1076,5,0.327374,0.980261,1.307634,2
P1074,5,0.611202,0,0.611202,5
P1072,5,0,1.850772,1.850772,5
P1071,5,0.283073,0,0.283073,3
P1070,5,0.258097,0.294852,0.55295,5
P1255,5,0.312197,2.665731,2.977928,6
P1520,5,0.489116,0,0.489116,6
P1523,5,0.369504,0,0.369504,5
P291,5,0.289605,0,0.289605,6
P292,5,0,0.591886,0.591886,5
P1528,5,0.265104,0.346164,0.611268,2
P1259,5,0.312883,0.552871,0.865754,3
P1258,5,0.315003,0.397683,0.712685,6
P1096,5,0.913999,0.584724,1.498723,1
P985,5,0.354296,0,0.354296,1
P984,5,0.290313,0.911615,1.201928,0
P987,5,0.394311,0,0.394311,1
P853,5,0.287259,0,0.287259,6
P850,5,0.296984,1.183295,1.480279,0
P854,5,0.318014,0.259034,0.577048,2
P187,5,0.344828,0.264457,0.609286,4
P182,5,0.384409,0.619698,1.004107,3
P1978,5,0.297487,0,0.297487,3
P679,5,0.351286,0.335864,0.68715,6
P1320,5,0.256583,1.717965,1.974549,4
P1327,5,0.793965,0,0.793965,4
P1326,5,0.576427,0.337482,0.913909,1
P1325,5,0.380943,0.862882,1.243825,0
P673,5,0.317315,0.697203,1.014517,6
P671,5,0.453645,0.310048,0.763693,2
P677,5,0.330543,2.288053,2.618596,3
P676,5,0.397601,0.637568,1.035169,0
P674,5,0.366105,0.366363,0.732468,1
P1979,5,0.576054,0,0.576054,2
P2864,5,0.638105,0,0.638105,6
P1230,5,0.319192,0.652863,0.972055,1
P277,5,0.634767,0.27422,0.908987,4
P274,5,0.282687,0.402745,0.685432,4
P273,5,0.426086,0.307135,0.733221,6
P270,5,0.308328,4.151155,4.459483,5
P279,5,0.406069,0,0.406069,0
P3417,5,0.325538,0.267321,0.592859,6
P3145,5,0.316707,0,0.316707,1
P3147,5,0.269356,0.326832,0.596187,2
P2947,5,0.395697,0,0.395697,2
P1107,5,0.303006,0.265841,0.568847,6
P2148,5,0.600369,0,0.600369,0
P1104,5,0.307884,0.376401,0.684284,6
P3405,5,0.344843,0,0.344843,3
P735,5,0.648507,0,0.648507,0
P1450,5,0.321681,0.392559,0.71424,1
P3331,5,0.326832,0,0.326832,2
P3335,5,0.36579,0,0.36579,4
P3338,5,0.579739,0,0.579739,3
P361,5,0.681193,0.381301,1.062493,6
P815,5,0,0.897024,0.897024,6
P1459,5,0.332203,0,0.332203,1
P2494,5,0.313828,0,0.313828,3
P2860,5,0.343605,0,0.343605,2
P2865,5,0.442325,0,0.442325,2
P1109,5,0.455825,0,0.455825,6
P2868,5,0.279199,0.983527,1.262726,6
P1108,5,0.307447,0,0.307447,5
P3023,5,0.270808,0,0.270808,1
P593,5,0.612935,0,0.612935,2
P3799,5,0.357977,0,0.357977,2
P3026,5,0.298262,0,0.298262,5
P3795,5,0.297898,0.371659,0.669558,5
P3796,5,0.319839,0.341831,0.66167,0
P3022,5,0.306209,0,0.306209,3
P3791,5,0.371659,0.323485,0.695144,5
